{"cameraMode":{"drawMode":0,"name":"Shaded","section":"Shading Mode"},"sceneLighting":true,"audioPlay":false,"sceneViewState":{"showFog":true,"showMaterialUpdate":false,"showSkybox":true,"showFlares":true,"showImageEffects":true,"showParticleSystems":true},"in2DMode":false,"pivot":{"x":-2.086162567138672e-7,"y":-0.4939999580383301,"z":3.5146868228912355},"rotation":{"x":-0.08900035172700882,"y":0.8970227837562561,"z":-0.2112715095281601,"w":-0.37788036465644839},"size":8.202128410339356,"orthographic":false}