{"cameraMode":{"drawMode":0,"name":"Shaded","section":"Shading Mode"},"sceneLighting":true,"audioPlay":false,"sceneViewState":{"showFog":true,"showMaterialUpdate":false,"showSkybox":true,"showFlares":true,"showImageEffects":true,"showParticleSystems":true},"in2DMode":false,"pivot":{"x":-0.12128448486328125,"y":0.7958388328552246,"z":2.966542959213257},"rotation":{"x":-0.13218100368976594,"y":0.8255571722984314,"z":-0.21646764874458314,"w":-0.5041084885597229},"size":4.567586421966553,"orthographic":false}